{
  "project_info": {
    "project_number": "1053971998858",
    "project_id": "naksa-60265",
    "storage_bucket": "naksa-60265.appspot.com"
  },
  "client": [
    {
      "client_info": {
        "mobilesdk_app_id": "1:1053971998858:android:4f88da0dc6273412d86573",
        "android_client_info": {
          "package_name": "com.service.naksaa_services"
        }
      },
      "oauth_client": [
        {
          "client_id": "1053971998858-utm83a49g6ebm977kfj5oqidu6belb44.apps.googleusercontent.com",
          "client_type": 3
        }
      ],
      "api_key": [
        {
          "current_key": "AIzaSyArJlPnpxNgzep8DLn9LR7nXVISzRLY9Tc"
        }
      ],
      "services": {
        "appinvite_service": {
          "other_platform_oauth_client": [
            {
              "client_id": "1053971998858-utm83a49g6ebm977kfj5oqidu6belb44.apps.googleusercontent.com",
              "client_type": 3
            }
          ]
        }
      }
    }
  ],
  "configuration_version": "1"
}